"H10 London Waterloo, Waterloo, London - save 53%",England,HOTEL,99,53,2018-02-18 00:01:00.000000,2018-02-27 23:59:00.000000,9,488
"Champneys Tring, Wiggington, Hertfordshire - save 51%",England,HOTEL,390,51,2018-02-12 00:01:00.000000,2018-02-27 23:59:00.000000,15,259
"The College Hotel, Amsterdam, Netherlands - save 38%",Netherlands,HOTEL,115,38,2018-02-18 00:01:00.000000,2018-02-26 23:59:00.000000,8,229
"Ruby Lissi Hotel Vienna, Vienna, Austria - save 54%",Austria,HOTEL,99,54,2018-02-18 00:01:00.000000,2018-02-26 23:59:00.000000,8,211
"Bovey Castle, Dartmoor National Park, Devon - save 45%",England,HOTEL,159,45,2018-02-19 00:01:00.000000,2018-02-27 23:59:00.000000,8,150
"Mercure Shrewsbury Albrighton Hall Hotel & Spa, Shrewsbury, Shropshire - save 34%",England,HOTEL,79,34,2018-02-05 00:01:00.000000,2018-02-27 23:59:00.000000,22,135
"Grand Hyatt Berlin, Berlin, Germany - save 50%",Germany,HOTEL,179,50,2018-02-18 00:01:00.000000,2018-02-26 23:59:00.000000,8,132
"De Vere Wotton House, Dorking, Surrey - save 29%",England,HOTEL,149,29,2018-01-29 00:01:00.000000,2018-02-27 23:59:00.000000,29,125
"The Crazy Bear Beaconsfield, Beaconsfield, Buckinghamshire - save 60%",England,HOTEL,295,60,2018-01-22 00:01:00.000000,2018-02-27 23:59:00.000000,36,117
"Arbor City Hotel, Whitechapel, London - save 47%",England,HOTEL,89.1,47,2018-01-28 00:01:00.000000,2018-02-27 23:59:00.000000,30,116
"Arbor Hyde Park, Hyde Park, London - save 63%",England,HOTEL,99,63,2018-02-12 00:01:00.000000,2018-02-27 23:59:00.000000,15,116
"Le Relais Saint Sulpice, Paris, France - save 48%",France,HOTEL,159,48,2018-02-18 00:01:00.000000,2018-02-26 23:59:00.000000,8,115
"Bilderberg Parkhotel, Rotterdam, The Netherlands - save 47%",Netherlands,HOTEL,94,47,2018-02-18 00:01:00.000000,2018-02-26 23:59:00.000000,8,115
"Haymarket by Scandic, Stockholm, Sweden - save 34%",Sweden,HOTEL,1050,34,2018-02-11 00:01:00.000000,2018-02-26 23:59:00.000000,15,112
"Old Swan & Minster Mill, Minster Lovell, Cotswolds - save 23%",England,HOTEL,169,23,2018-02-11 00:01:00.000000,2018-02-27 23:59:00.000000,16,111
"Eastwell Manor - A Champneys Spa Hotel, Ashford, Kent - save 38%",England,HOTEL,149,38,2018-02-05 00:01:00.000000,2018-02-27 23:59:00.000000,22,107
"Careys Manor Hotel, Brockenhurst, New Forest - save 33%",England,HOTEL,139,33,2018-02-12 00:01:00.000000,2018-02-27 23:59:00.000000,15,103
"Grand Hotel Palazzo Livorno, Tuscany, Italy - save 42%",Italy,HOTEL,109,42,2018-02-18 00:01:00.000000,2018-02-26 23:59:00.000000,8,98
"Dunston Hall, Norwich, Norfolk - save 38%",England,HOTEL,210,38,2018-02-12 00:01:00.000000,2018-02-27 23:59:00.000000,15,97
"Hôtel Duette, Paris, france - save 64%",France,HOTEL,99,64,2018-02-18 00:01:00.000000,2018-02-26 23:59:00.000000,8,95
"Stanwell House, Lymington, Hampshire - save 50%",England,HOTEL,89,50,2018-02-12 00:01:00.000000,2018-02-23 23:59:00.000000,11,89
"Peckforton Castle, Tarporley, Cheshire - save 39%",England,HOTEL,125,39,2018-02-19 00:01:00.000000,2018-02-27 23:59:00.000000,8,85
"K West Hotel & Spa, Shepherd's Bush, London - save 61%",England,HOTEL,119,61,2018-02-19 00:01:00.000000,2018-02-27 23:59:00.000000,8,80
"Moddershall Oaks Country Spa Retreat, Moddershall, Staffordshire - save 35%",England,HOTEL,249,35,2018-02-11 00:01:00.000000,2018-02-27 23:59:00.000000,16,79
"Radisson Blu 1835 Hotel & Thalasso, Cannes, France - save 55%",France,HOTEL,139,55,2018-02-04 00:01:00.000000,2018-02-26 23:59:00.000000,22,78
"Hudson New York, Midtown, New York - save 40%",USA,HOTEL,79,40,2018-02-16 00:01:00.000000,2018-02-27 04:59:00.000000,11,78
"The White Swan Inn, Pickering, North Yorkshire - save 52%",England,HOTEL,109,52,2018-02-12 00:01:00.000000,2018-02-26 23:59:00.000000,14,75
"Lifehouse Spa & Hotel, Thorpe-le-Soken, Essex - save 34%",England,HOTEL,99,34,2018-01-29 00:01:00.000000,2018-02-27 23:59:00.000000,29,74
"Modern Cardiff mystery hotel, Cardiff, Wales - save 59%",Wales/Cymru,HOTEL,95,59,2018-02-19 00:01:00.000000,2018-02-27 23:59:00.000000,8,72
"Feversham Arms Hotel & Verbena Spa, Helmsley, North Yorkshire - save 38%",England,HOTEL,189,38,2018-02-19 00:01:00.000000,2018-02-27 23:59:00.000000,8,71
"Rushton Hall, Rushton, Northamptonshire - save 35%",England,HOTEL,125,35,2018-01-29 00:01:00.000000,2018-02-27 23:59:00.000000,29,71
"Hallmark Hotel Hull, Hull, Yorkshire - save 67%",England,HOTEL,59,67,2018-02-12 00:01:00.000000,2018-02-27 23:59:00.000000,15,70
"Mercure Gloucester Bowden Hall Hotel, Gloucester, Cotswolds - save 62%",England,HOTEL,79,62,2018-02-12 00:01:00.000000,2018-02-27 23:59:00.000000,15,68
"The Principal Oxford Spires Hotel, Oxford, Oxfordshire - save 47%",England,HOTEL,135,47,2018-02-19 00:01:00.000000,2018-02-27 23:59:00.000000,8,68
"Makeney Hall Hotel, Milford, Derbyshire - save 40%",England,HOTEL,79,40,2018-02-05 00:01:00.000000,2018-02-27 23:59:00.000000,22,67
"Paramount Hotel, Times Square, New York - save 40%",USA,HOTEL,75,40,2018-02-18 00:01:00.000000,2018-02-27 04:59:00.000000,9,64
"Hotel Indigo Barcelona, Barcelona, Spain - save 55%",Spain,HOTEL,96.34,55,2018-02-19 00:01:00.000000,2018-02-26 23:59:00.000000,7,64
"Smooth Hotel Rome Termini, Rome, Italy - save 42%",Italy,HOTEL,80,42,2018-02-18 00:01:00.000000,2018-02-26 23:59:00.000000,8,63
"Hotel Salus Terme, Viterbo, Italy - save 56%",Italy,HOTEL,89,56,2018-02-08 00:01:00.000000,2018-02-26 23:59:00.000000,18,63
"Milford Hall Hotel, Salisbury, Wiltshire - save 59%",England,HOTEL,79,59,2018-01-29 00:01:00.000000,2018-02-27 23:59:00.000000,29,63
"The Montauk Beach House, Montauk, New York - save 63%",USA,HOTEL,149,63,2018-02-18 00:01:00.000000,2018-02-27 04:59:00.000000,9,63
"Macdonald Bath Spa Hotel, Bath, Somerset - save 41%",England,HOTEL,139,41,2018-02-19 00:01:00.000000,2018-02-27 23:59:00.000000,8,62
"The Shrigley Hall Hotel, Macclesfield, Cheshire - save 57%",England,HOTEL,189,57,2018-02-12 00:01:00.000000,2018-02-23 23:59:00.000000,11,62
"Rowton Hall Country House Hotel & Spa, Chester, Cheshire - save 40%",England,HOTEL,99,40,2018-02-12 00:01:00.000000,2018-02-23 23:59:00.000000,11,61
"Langshott Manor, Horley, Surrey - save 50%",England,HOTEL,135,50,2018-02-12 00:01:00.000000,2018-02-27 23:59:00.000000,15,60
"Lovelady Shield Country House Hotel, Cumbria, Lake District - save 55%",England,HOTEL,148,55,2018-02-19 00:01:00.000000,2018-02-27 23:59:00.000000,8,60
"The Mermaid Inn, Rye, East Sussex - save 34%",England,HOTEL,99,34,2018-02-05 00:01:00.000000,2018-02-27 23:59:00.000000,22,60
"Austria Trend Parkhotel Schonbrunn, Vienna, Austria - save 39%",Austria,HOTEL,89,39,2018-02-12 00:01:00.000000,2018-02-26 23:59:00.000000,14,59
"Ettington Park Hotel, Stratford-upon-Avon, Warwickshire - save 36%",England,HOTEL,99,36,2018-02-12 00:01:00.000000,2018-02-27 23:59:00.000000,15,59
"Urban Villa, Brentford, West London - save 54%",England,HOTEL,69,54,2018-02-19 00:01:00.000000,2018-02-27 23:59:00.000000,8,58
"Loch Melfort Hotel, Argyll, Scottish Highlands - save 57%",Scotland,HOTEL,69,57,2018-02-12 00:01:00.000000,2018-02-27 23:59:00.000000,15,58
"The Devonshire Park Hotel, Eastbourne, East Sussex - save 66%",England,HOTEL,129,66,2018-02-19 00:01:00.000000,2018-02-27 23:59:00.000000,8,58
"Mercure Bristol Grand Hotel, City Centre, Bristol - save 56%",England,HOTEL,69,56,2018-02-12 00:01:00.000000,2018-02-27 23:59:00.000000,15,58
"The Bell at Stow, Stow-on-the-Wold, Cotswolds - save 42%",England,HOTEL,69,42,2018-02-12 00:01:00.000000,2018-02-23 23:59:00.000000,11,58
"5* sublime Crete holiday with your own pool, Daios Cove Luxury Resort & Villas, Greece - save 39%",Greece,PACKAGE,998,39,2018-02-16 00:01:00.000000,2018-02-26 23:59:00.000000,10,58
"Hope Street Hotel, Liverpool, Merseyside - save 62%",England,HOTEL,99,62,2018-02-19 00:01:00.000000,2018-02-27 23:59:00.000000,8,58
"Tre-Ysgawen Hall Country House Hotel & Spa, Anglesey, Wales - save 62%",Wales/Cymru,HOTEL,198,62,2018-02-12 00:01:00.000000,2018-02-27 23:59:00.000000,15,57
"Taplow House Hotel, Taplow, Buckinghamshire - save 44%",England,HOTEL,149,44,2018-02-05 00:01:00.000000,2018-02-27 23:59:00.000000,22,57
"The Great House At Sonning, Sonning, near Reading, Berkshire - save 51%",England,HOTEL,64,51,2018-02-19 00:01:00.000000,2018-02-27 23:59:00.000000,8,56
"Lodore Falls Hotel, Keswick, Lake District - save 52%",England,HOTEL,159,52,2018-02-19 00:01:00.000000,2018-02-27 23:59:00.000000,8,55
"Grupotel Gran Via 678, Barcelona, Spain - save 37%",Spain,HOTEL,112,37,2018-02-11 00:01:00.000000,2018-02-26 23:59:00.000000,15,55
"Hotel Schloss Wellness & Family, Near St. Moritz, Switzerland - save 34%",Switzerland,HOTEL,123.03,34,2018-02-18 00:01:00.000000,2018-02-26 23:59:00.000000,8,54
"Hotel Concordia, Venice, Italy - save 51%",Italy,HOTEL,121,51,2018-02-18 00:01:00.000000,2018-02-26 23:59:00.000000,8,51
"Rowhill Grange Hotel & Utopia Spa, Dartford, Kent - save 40%",England,HOTEL,169,40,2018-02-05 00:01:00.000000,2018-02-27 23:59:00.000000,22,49
"The Waterfront Hotel, Spa & Golf, Wyboston, Bedfordshire - save 48%",England,HOTEL,290,48,2018-02-19 00:01:00.000000,2018-02-27 23:59:00.000000,8,49
"Grand Harbour Hotel, Southampton, Hampshire - save 55%",England,HOTEL,149,55,2018-02-19 00:01:00.000000,2018-02-27 22:59:00.000000,8,49
"Hotel dei Consoli, Rome, Italy - save 77%",Italy,HOTEL,69,77,2018-02-17 00:01:00.000000,2018-02-26 23:59:00.000000,9,49
"Castle Hotel Windsor - MGallery by Sofitel, Windsor, Berkshire - save 40%",England,HOTEL,109,40,2018-02-12 00:01:00.000000,2018-02-23 23:59:00.000000,11,48
"Hotel West End, Nice, France - save 44%",France,HOTEL,95,44,2018-02-11 00:01:00.000000,2018-02-26 23:59:00.000000,15,46
"Le Moulin de Vernègues Hôtel & Spa, Mallemort, Provence, France - save 52%",France,HOTEL,109,52,2018-02-17 00:01:00.000000,2018-02-26 23:59:00.000000,9,45
"Poets House, Ely, Cambridgeshire - save 46%",England,HOTEL,139,46,2018-02-18 00:01:00.000000,2018-02-27 23:59:00.000000,9,44
"Idyllic Montenegro apartment holiday with stunning views, Lavender Bay Resort, Kotor - save 24%",Montenegro,PACKAGE,1436,24,2018-01-19 00:01:00.000000,2018-02-26 23:59:00.000000,38,44
"Sofitel Brussels Le Louise, Brussels, Belgium - save 48%",Belgium,HOTEL,109,48,2018-02-18 00:01:00.000000,2018-02-26 23:59:00.000000,8,44
"Swinton Bivouac, Masham, North Yorkshire - save 41%",England,HOTEL,109,41,2018-02-05 00:01:00.000000,2018-02-27 23:59:00.000000,22,43
"Town Hall Hotel & Apartments, Bethnal Green, East London - save 36%",England,HOTEL,135,36,2018-02-11 00:01:00.000000,2018-02-27 23:59:00.000000,16,43
"Talland Bay Hotel, Polperro, Cornwall - save 54%",England,HOTEL,159,54,2018-02-12 00:01:00.000000,2018-02-27 23:59:00.000000,15,42
"Best Western Plus Birmingham NEC Meriden Manor Hotel, Meriden (near Coventry), West Midlands - save 45%",England,HOTEL,59,45,2018-02-19 00:01:00.000000,2018-02-27 23:59:00.000000,8,42
"Lords of the Manor, Upper Slaughter, Cotswolds - save 50%",England,HOTEL,229,50,2018-02-05 00:01:00.000000,2018-02-27 23:59:00.000000,22,42
"Tuscany farmhouse break with wine tours and car hire, Relais Campiglioni, Italy - save 46%",Italy,PACKAGE,638,46,2018-02-09 00:01:00.000000,2018-02-26 23:59:00.000000,17,41
"iRooms Forum & Colosseum, Rome, Italy - save 66%",Italy,HOTEL,94.05,66,2018-02-08 00:01:00.000000,2018-02-26 23:59:00.000000,18,41
"Adina Apartment Hotel Copenhagen, Copenhagen, Denmark - save 33%",Denmark,HOTEL,1150,33,2018-02-18 00:01:00.000000,2018-02-26 23:59:00.000000,8,41
"Ultra all-inclusive Corfu beachfront getaway, Grecotel Daphnila Bay Thalasso, Greek Islands - save 32%",Greece,PACKAGE,898,32,2018-02-09 00:01:00.000000,2018-02-26 23:59:00.000000,17,40
"5* exceptional Jersey foodie break with car hire, Longueville Manor, Channel Islands - save 45%",England,PACKAGE,598,45,2018-02-01 00:01:00.000000,2018-02-26 23:59:00.000000,25,39
"The Kimberley Hotel, Harrogate, North Yorkshire - save 40%",England,HOTEL,89,40,2018-02-19 00:01:00.000000,2018-02-27 23:59:00.000000,8,39
"Amberley Castle, Arundel, West Sussex - save 53%",England,HOTEL,269,53,2018-02-12 00:01:00.000000,2018-02-27 23:59:00.000000,15,38
"The Norfolk Mead Hotel, Norwich, Norfolk - save 33%",England,HOTEL,149,33,2018-01-29 00:01:00.000000,2018-02-27 23:59:00.000000,29,38
"La Medusa Hotel & Boutique Spa, Bay of Naples, Italy - save 44%",Italy,HOTEL,84,44,2018-02-12 00:01:00.000000,2018-02-26 23:59:00.000000,14,38
"Hillthwaite House Hotel, Windermere, Lake District - save 41%",England,HOTEL,129,41,2018-02-12 00:01:00.000000,2018-02-23 23:59:00.000000,11,38
"Ghyll Manor Hotel & Restaurant, Rusper, Horsham - save 50%",England,HOTEL,99,50,2018-02-19 00:01:00.000000,2018-02-27 23:59:00.000000,8,38
"Enterprise Hotel, Milan, Italy - save 49%",Italy,HOTEL,71.4,49,2018-02-16 00:01:00.000000,2018-02-26 23:59:00.000000,10,38
"Falkensteiner Premium Apartments Senia, Zadar, Croatia - save 50%",Croatia,HOTEL,102,50,2018-02-12 00:01:00.000000,2018-02-26 23:59:00.000000,14,37
"Whitworth Hall Hotel, Spennymoor, Durham - save 36%",England,HOTEL,75,36,2018-02-19 00:01:00.000000,2018-02-27 23:59:00.000000,8,36
"Antares Hotel Rubens, Milan, Italy - save 76%",Italy,HOTEL,89,76,2018-02-12 00:01:00.000000,2018-02-26 23:59:00.000000,14,36
"The Angel Hotel, Bury St Edmunds, Suffolk - save 45%",England,HOTEL,135,45,2018-02-12 00:01:00.000000,2018-02-23 23:59:00.000000,11,36
"Splendid Hotel & Spa, Nice, France - save 46%",France,HOTEL,89,46,2018-02-19 00:01:00.000000,2018-02-26 23:59:00.000000,7,36
"The Bishopstrow Hotel & Spa, Warminster, Wiltshire - save 51%",England,HOTEL,149,51,2018-02-02 00:01:00.000000,2018-02-23 23:59:00.000000,21,35
"The Beach at Bude, Bude, Cornwall - save 46%",England,HOTEL,169,46,2018-02-12 00:01:00.000000,2018-02-27 23:59:00.000000,15,34
"Atton Brickell Miami, Miami, Florida - save 30%",USA,HOTEL,104,30,2018-02-12 00:01:00.000000,2018-02-27 04:59:00.000000,15,34
"Sublime Sorrento Peninsula break with sea views, Hotel Piccolo Paradiso, Italy - save 43%",Italy,PACKAGE,598,43,2018-02-16 00:01:00.000000,2018-02-26 23:59:00.000000,10,34
"Grand Hotel Capodimonte, Naples, Italy - save 64%",Italy,HOTEL,37.76,64,2018-02-19 00:01:00.000000,2018-02-26 23:59:00.000000,7,34
"Warren House, Kingston upon Thames, Surrey - save 47%",England,HOTEL,169,47,2018-02-19 00:01:00.000000,2018-02-27 23:59:00.000000,8,34
"Mallory Court Hotel, Royal Leamington Spa, Warwickshire - save 55%",England,HOTEL,179,55,2018-02-05 00:01:00.000000,2018-02-27 23:59:00.000000,22,33
"Ramada Singapore at Zhongshan Park, Singapore - save 57%",Singapore,HOTEL,175,57,2018-02-12 00:01:00.000000,2018-02-26 23:59:00.000000,14,32
"Corse Lawn House, Corse Lawn, Cotswolds - save 61%",England,HOTEL,79,61,2018-02-19 00:01:00.000000,2018-02-27 23:59:00.000000,8,31
"The George at Cley, Cley-next-the-Sea, Norfolk - save 41%",England,HOTEL,89,41,2018-02-19 00:01:00.000000,2018-02-27 23:59:00.000000,8,31
"Millennium Hotel London Knightsbridge, Knightsbridge, London - save 58%",England,HOTEL,129,58,2018-02-14 00:01:00.000000,2018-02-27 23:59:00.000000,13,30
"Redesdale Arms, Moreton-in-Marsh, Cotswolds - save 51%",England,HOTEL,79,51,2018-02-12 00:01:00.000000,2018-02-27 23:59:00.000000,15,30
"137 Pillars Suites and Residences Bangkok, Bangkok, Thailand - save 37%",Thailand,HOTEL,4700,37,2018-02-11 00:01:00.000000,2018-02-26 23:59:00.000000,15,30
"Nandini Bali Jungle Resort And Spa Ubud, Bali, Indonesia - save 53%",Indonesia,HOTEL,160,53,2018-02-12 00:01:00.000000,2018-02-26 23:59:00.000000,14,29
"Chateau d'Urspelt, Urspelt, Clervaux, Luxembourg - save 37%",Luxemburg,HOTEL,79,37,2018-02-07 00:01:00.000000,2018-02-26 23:59:00.000000,19,29
"Hotel Andreus, Bolzano, Italy - save 26%",Italy,HOTEL,379,26,2018-02-18 00:01:00.000000,2018-02-26 23:59:00.000000,8,29
"Chilston Park Hotel, Maidstone, Kent - save 42%",England,HOTEL,149,42,2018-02-19 00:01:00.000000,2018-02-27 23:59:00.000000,8,28
"The Yarrow Hotel, Broadstairs, Kent - save 38%",England,HOTEL,99,38,2018-02-12 00:01:00.000000,2018-02-27 23:59:00.000000,15,28
"Hotel Gabrielli, Venice, Italy - save 39%",Italy,HOTEL,79,39,2018-02-12 00:01:00.000000,2018-02-26 23:59:00.000000,14,28
"The Redbury New York, Midtown, New York - save 38%",USA,HOTEL,115,38,2018-02-01 00:01:00.000000,2018-02-27 04:59:00.000000,26,27
"Best Western Premier Collection Hardwick Hall Hotel, Sedgefield, Durham - save 50%",England,HOTEL,79,50,2018-02-09 00:01:00.000000,2018-02-27 23:59:00.000000,18,27
"The Mandrake, Fitzrovia, London - save 60%",England,HOTEL,199,60,2018-02-05 00:01:00.000000,2018-02-27 23:59:00.000000,22,26
"Naumi, Singapore - save 34%",Singapore,HOTEL,264,34,2018-02-04 00:01:00.000000,2018-02-26 23:59:00.000000,22,26
"Relais Montemarino, Piemonte, Italy - save 57%",Italy,HOTEL,79,57,2018-02-19 00:01:00.000000,2018-02-26 23:59:00.000000,7,25
"Dryburgh Abbey Hotel, St Boswells, Scottish Borders - save 54%",Scotland,HOTEL,79,54,2018-02-19 00:01:00.000000,2018-02-27 10:45:00.000000,8,25
"Torre Mannelli Suites, Florence, Italy - save 47%",Italy,HOTEL,149,47,2018-02-17 00:01:00.000000,2018-02-26 23:59:00.000000,9,25
"Hotel Baia d'Oro, Lake Garda, Italy - save 33%",Italy,HOTEL,189,33,2018-02-19 00:01:00.000000,2018-02-26 23:59:00.000000,7,24
"5* Lanzarote suite holiday, Arrecife Gran Hotel & Spa, Spain - save 22%",Spain,PACKAGE,830,22,2018-02-12 00:01:00.000000,2018-02-26 23:59:00.000000,14,24
"Colonna Pevero, Sardinia, Italy - save 47%",Italy,HOTEL,235,47,2018-02-11 00:01:00.000000,2018-02-26 23:59:00.000000,15,24
"Bagden Hall, Denby Dale, West Yorkshire - save 58%",England,HOTEL,109,58,2018-02-19 00:01:00.000000,2018-02-27 23:59:00.000000,8,24
"Modern Manchester mystery stay, City Centre, Manchester - save 62%",England,HOTEL,89,62,2018-02-12 00:01:00.000000,2018-02-23 23:59:00.000000,11,23
"Mount Haven, Penzance, Cornwall - save 40%",England,HOTEL,90,40,2018-02-12 00:01:00.000000,2018-02-27 23:59:00.000000,15,23
"Chicheley Hall, Chicheley, Buckinghamshire - save 27%",England,HOTEL,109,27,2018-02-19 00:01:00.000000,2018-02-27 23:59:00.000000,8,23
"Clayton Hotel Birmingham, City centre, Birmingham - save 55%",England,HOTEL,89,55,2018-02-12 00:01:00.000000,2018-02-23 23:59:00.000000,11,23
"Cassa Hotel, Midtown, New York - save 64%",USA,HOTEL,169,64,2018-02-19 00:01:00.000000,2018-02-27 04:59:00.000000,8,23
"The Venetian Las Vegas, Las Vegas, Nevada - save 65%",USA,HOTEL,115,65,2018-01-16 00:01:00.000000,2018-02-27 04:59:00.000000,42,22
"Norway city & fjord summer holiday with train travel, Oslo, Balestrand & Bergen, with a scenic Sognefjord cruise - save 34%",Norway,PACKAGE,1598,34,2018-01-22 00:01:00.000000,2018-02-26 23:59:00.000000,35,22
"5* Andorra ski break with passes & optional equipment, Hotel Plaza Andorra, Pyrenees - save 23%",Spain,PACKAGE,1138,23,2018-01-19 00:01:00.000000,2018-02-26 23:59:00.000000,38,21
"Sandbanks Hotel, Poole, Dorset - save 46%",England,HOTEL,69,46,2018-02-19 00:01:00.000000,2018-02-27 23:59:00.000000,8,21
"Esseborne Manor, Andover, Hampshire - save 42%",England,HOTEL,129,42,2018-02-12 00:01:00.000000,2018-02-27 23:59:00.000000,15,21
"Occidental Praha Five, Prague, Czech Republic - save 50%",Czech Republic,HOTEL,69,50,2018-02-19 00:01:00.000000,2018-02-26 23:59:00.000000,7,21
"Dear Lisbon - Charming House, Lisbon, Portugal - save 51%",Portugal,HOTEL,86.25,51,2018-02-12 00:01:00.000000,2018-02-26 23:59:00.000000,14,21
"Camin Hotel Colmegna, Lake Maggiore, Italy - save 44%",Italy,HOTEL,173,44,2018-02-18 00:01:00.000000,2018-02-26 23:59:00.000000,8,21
"SHG Portamaggiore, Rome, Italy - save 55%",Italy,HOTEL,49,55,2018-02-19 00:01:00.000000,2018-02-26 23:59:00.000000,7,21
"Relais Bernard Loiseau, Burgundy, France - save 61%",France,HOTEL,186,61,2018-02-04 00:01:00.000000,2018-02-26 23:59:00.000000,22,20
"Restful Croatia break on the water's edge, Hotel Kana at Crvena Luka Hotel & Resort, Biograd na Moru - save 45%",Croatia,PACKAGE,590,45,2018-02-16 00:01:00.000000,2018-02-26 23:59:00.000000,10,20
"Avalon Hotel, Gothenburg, Sweden - save 24%",Sweden,HOTEL,1300,24,2018-02-18 00:01:00.000000,2018-02-26 23:59:00.000000,8,20
"5* sun-soaked Salamanca wine estate break with car hire, Hacienda Zorita Wine Hotel & Spa, Spain - save 45%",Spain,PACKAGE,658,45,2018-01-26 00:01:00.000000,2018-02-26 23:59:00.000000,31,20
"Relais Fra' Lorenzo, Verona, Italy - save 40%",Italy,HOTEL,149,40,2018-02-04 00:01:00.000000,2018-02-26 23:59:00.000000,22,20
"Seiser Alm Urthaler, South Tyrol, Italy - save 29%",Italy,HOTEL,229,29,2018-02-04 00:01:00.000000,2018-02-26 23:59:00.000000,22,19
"Moracea by Khao Lak Resort, Khao Lak, Thailand - save 32%",Thailand,HOTEL,2000,32,2018-02-11 00:01:00.000000,2018-02-26 23:59:00.000000,15,18
"5* all-inclusive Greece beach holiday, Aldemar Olympian Village, Skafidia - save 36%",Greece,PACKAGE,858,36,2018-02-16 00:01:00.000000,2018-02-26 23:59:00.000000,10,18
"Hotel Valencia Riverwalk, San Antonio, Texas - save 32%",USA,HOTEL,129,32,2018-02-18 00:01:00.000000,2018-02-27 04:59:00.000000,9,18
"Adaaran Prestige Ocean Villas, North Male Atoll, Maldives - save 40%",Maldives,HOTEL,456,40,2018-02-11 00:01:00.000000,2018-02-26 23:59:00.000000,15,18
"5* all-inclusive Kos holiday with sea views, Michelangelo Resort & Spa, Greek Islands - save 24%",Greece,PACKAGE,998,24,2018-02-16 00:01:00.000000,2018-02-26 23:59:00.000000,10,17
"Oddfellows On The Park, Cheadle, near Cheshire - save 47%",England,HOTEL,159,47,2018-02-19 00:01:00.000000,2018-02-27 23:59:00.000000,8,17
"Citadines Saint-Germain-des-Prés Paris, Paris, France - save 32%",France,HOTEL,145,32,2018-02-11 00:01:00.000000,2018-02-26 23:59:00.000000,15,17
"Upon Lisbon, Lisbon, Portugal - save 43%",Portugal,HOTEL,102.5,43,2018-02-19 00:01:00.000000,2018-02-26 23:59:00.000000,7,16
"Iberostar Playa Mita, Punta de Mita, Mexico - save 76%",Mexico,HOTEL,86,76,2018-02-16 00:01:00.000000,2018-02-27 04:59:00.000000,11,16
"Apex City of London Hotel, Tower Bridge, London - save 30%",England,HOTEL,129,30,2018-02-11 00:01:00.000000,2018-02-27 23:59:00.000000,16,16
"The Aquincum Hotel, Budapest, Hungary - save 34%",Hungary,HOTEL,80,34,2018-02-19 00:01:00.000000,2018-02-26 23:59:00.000000,7,16
"Green Acres Cottages, Penpillick, Cornwall - save 47%",England,HOTEL,45,47,2018-02-19 00:01:00.000000,2018-02-27 23:59:00.000000,8,16
"Tyddyn Llan, Denbighshire, Wales - save 61%",Wales/Cymru,HOTEL,195,61,2018-02-19 00:01:00.000000,2018-02-27 23:59:00.000000,8,15
"Elizabeth Suites Prague, Prague, Czech Republic - save 68%",Czech Republic,HOTEL,45,68,2018-02-12 00:01:00.000000,2018-02-26 23:59:00.000000,14,15
"5* luxury Gibraltar superyacht break, Sunborn Gibraltar - save 45%",Spain,PACKAGE,558,45,2018-02-16 00:01:00.000000,2018-02-26 23:59:00.000000,10,15
"Luxury all-inclusive Mexico beach holiday, Now Sapphire Riviera Cancun, Yucatán Peninsula - save 40%",Mexico,PACKAGE,2398,40,2018-01-12 00:01:00.000000,2018-02-26 23:59:00.000000,45,15
"NH Torino Lingotto Congress, Turin, Italy - save 42%",Italy,HOTEL,73,42,2018-02-19 00:01:00.000000,2018-02-26 23:59:00.000000,7,15
"Il Fortino Mini Suites, Liguria, Italy - save 58%",Italy,HOTEL,55,58,2018-02-19 00:01:00.000000,2018-02-26 23:59:00.000000,7,14
"The Grange Hotel, York, North Yorkshire - save 36%",England,HOTEL,135,36,2018-02-19 00:01:00.000000,2018-02-27 23:59:00.000000,8,14
"Hotel Barsey by Warwick, Brussels, Belgium - save 60%",Belgium,HOTEL,89,60,2018-02-11 00:01:00.000000,2018-02-26 23:59:00.000000,15,14
"I Mulini Resort, Trapani, Italy - save 61%",Italy,HOTEL,81,61,2018-02-11 00:01:00.000000,2018-02-26 23:59:00.000000,15,14
"Gloria Hotel, Dubai, UAE - save 48%",United Arab Emirates,HOTEL,281.25,48,2018-02-19 00:01:00.000000,2018-02-26 23:59:00.000000,7,14
"Bayfront break near Italy's colourful Cinque Terre, Hotel Shelley e delle Palme, Lerici - save 39%",Italy,PACKAGE,918,39,2018-02-02 00:01:00.000000,2018-02-26 23:59:00.000000,24,14
"Seapoint Boutique Hotel, Pointe Aux Canonniers, Mauritius - save 47%",Mauritius,HOTEL,200,47,2018-02-15 00:01:00.000000,2018-02-26 23:59:00.000000,11,14
"Mövenpick Hotel & Apartments Bur Dubai, Dubai, UAE - save 52%",United Arab Emirates,HOTEL,343.75,52,2018-02-11 00:01:00.000000,2018-02-26 23:59:00.000000,15,14
"Grecotel Corfu Imperial, Corfu, Greece - save 41%",Greece,HOTEL,152.5,41,2018-02-05 00:01:00.000000,2018-02-26 23:59:00.000000,21,14
"Hôtel Mare e Monti, Corsica, France - save 24%",France,HOTEL,84,24,2018-02-12 00:01:00.000000,2018-02-26 23:59:00.000000,14,14
"Jambuluwuk Oceano Seminyak, Bali, Indonesia - save 59%",Indonesia,HOTEL,51,59,2018-02-19 00:01:00.000000,2018-02-26 23:59:00.000000,7,14
"The Land's End Hotel, Land's End, Cornwall - save 49%",England,HOTEL,59,49,2018-02-19 00:01:00.000000,2018-02-27 23:59:00.000000,8,13
"Stunning Montenegro sea-view apartment holiday, Kotor Vista, Montenegro - save 31%",Montenegro,PACKAGE,1196,31,2018-02-14 00:01:00.000000,2018-02-26 23:59:00.000000,12,13
"Mode Sathorn Hotel, Bangkok, Thailand - save 47%",Thailand,HOTEL,3050,47,2018-02-19 00:01:00.000000,2018-02-26 23:59:00.000000,7,13
"Pueblo Acantilado Suites, Alicante, Spain - save 44%",Spain,HOTEL,45,44,2018-02-19 00:01:00.000000,2018-02-26 23:59:00.000000,7,13
"Castello di Velona, Tuscany, Italy - save 35%",Italy,HOTEL,309,35,2018-02-18 00:01:00.000000,2018-02-26 23:59:00.000000,8,13
"Enigma - Nature & Water Hotel, Alentejo, Portugal - save 48%",Portugal,HOTEL,60,48,2018-02-05 00:01:00.000000,2018-02-26 23:59:00.000000,21,12
"Badia Nuova Residence, Trapani, Italy - save 45%",Italy,HOTEL,69,45,2018-02-19 00:01:00.000000,2018-02-26 23:59:00.000000,7,12
"Sikania Resort & Spa, Sicily, Italy - save 73%",Italy,HOTEL,79,73,2018-02-18 00:01:00.000000,2018-02-26 23:59:00.000000,8,12
"The Richmond, Miami, Florida - save 38%",USA,HOTEL,99,38,2018-02-19 00:01:00.000000,2018-02-27 04:59:00.000000,8,12
"Courcheneige Hotel, Courchevel, France - save 39%",France,HOTEL,260,39,2018-02-11 00:01:00.000000,2018-02-26 23:59:00.000000,15,12
"Exceptional Montenegro Gulet cruise, Including Kotor, Tivat, Budva, Perast & more - save 24%",Montenegro,PACKAGE,1538,24,2018-01-19 00:01:00.000000,2018-02-26 23:59:00.000000,38,12
"La Suite West, Bayswater, Central London - save 50%",England,HOTEL,135,50,2018-02-19 00:01:00.000000,2018-02-27 23:59:00.000000,8,12
"Matfen Hall, Matfen, Northumberland - save 60%",England,HOTEL,89,60,2018-02-19 00:01:00.000000,2018-02-27 23:59:00.000000,8,12
"MANATHAI Koh Samui, Koh Samui, Thailand - save 52%",Thailand,HOTEL,2300,52,2018-02-19 00:01:00.000000,2018-02-26 23:59:00.000000,7,12
"The White Horse Hotel, Dorking, Surrey - save 45%",England,HOTEL,114,45,2018-02-19 00:01:00.000000,2018-02-27 23:59:00.000000,8,12
"Relaxing Jersey break at an award-winning hotel, Hotel La Place, St Brelade - save 36%",England,PACKAGE,378,36,2018-01-19 00:01:00.000000,2018-02-26 23:59:00.000000,38,11
"Dreamy Mauritius & Dubai holiday, Solana Beach Mauritius & Hilton Garden Inn Dubai Mall of the Emirates - save 48%",Mauritius,PACKAGE,2798,48,2018-02-02 00:01:00.000000,2018-02-26 23:59:00.000000,24,11
"Anantara Uluwatu Bali Resort, An extras-packed getaway in Bali, Indonesia - save 40%",Indonesia,PACKAGE,1188,40,2018-02-04 00:01:00.000000,2018-02-26 23:59:00.000000,22,11
"Elegant Bruges break with Eurostar or Eurotunnel travel, Hotel Prinsenhof, Belgium - save 30%",Belgium,PACKAGE,370,30,2018-02-09 00:01:00.000000,2018-02-26 23:59:00.000000,17,11
"Dale Lodge Hotel, Grasmere, Lake District - save 48%",England,HOTEL,129,48,2018-02-19 00:01:00.000000,2018-02-27 23:59:00.000000,8,10
"Mallorca holiday with penthouse suite & optional all-inclusive, Zafiro Palace Palmanova, Spain - save 34%",Spain,PACKAGE,670,34,2018-02-09 00:01:00.000000,2018-02-26 23:59:00.000000,17,10
"Grand Hotel in Porto Cervo, Porto Cervo, Italy - save 33%",Italy,HOTEL,139,33,2018-02-18 00:01:00.000000,2018-02-26 23:59:00.000000,8,10
"Wyndham Halcyon Resort La Souterraine, Limousin, France - save 63%",France,HOTEL,95,63,2018-02-05 00:01:00.000000,2018-02-26 23:59:00.000000,21,10
"Hotel Plaza Duće, Duće, Croatia - save 39%",Croatia,HOTEL,86,39,2018-02-05 00:01:00.000000,2018-02-26 23:59:00.000000,21,10
"Stunning Iceland wellness city & country break with tours, A five-day tour with Northern Lights, Blue Lagoon & more - save 38%",Iceland,PACKAGE,1298,38,2018-02-02 00:01:00.000000,2018-02-26 23:59:00.000000,24,10
"Le Tourville Eiffel, Paris, France - save 38%",France,HOTEL,139,38,2018-02-19 00:01:00.000000,2018-02-26 23:59:00.000000,7,9
"La Perla by Sedar, Como, Italy - save 43%",Italy,HOTEL,105,43,2018-02-12 00:01:00.000000,2018-02-26 23:59:00.000000,14,9
"Prasana by Arjani Resorts, Bali, Indonesia - save 47%",Indonesia,HOTEL,180,47,2018-02-11 00:01:00.000000,2018-02-26 23:59:00.000000,15,9
"Senetan Villas & Spa Resort, Bali, Indonesia - save 61%",Indonesia,HOTEL,125,61,2018-02-18 00:01:00.000000,2018-02-26 23:59:00.000000,8,9
"Marwell Hotel, Winchester, Hampshire - save 36%",England,HOTEL,129,36,2018-02-20 00:01:00.000000,2018-02-27 23:59:00.000000,7,9
"Boutique Ischia spa holiday, Villa Svizzera Hotel & Spa, Italy - save 37%",Italy,PACKAGE,918,37,2018-02-14 00:01:00.000000,2018-02-26 23:59:00.000000,12,9
"Lake Maggiore foodie holiday with spectacular views, Albergo Colonne, Italy - save 30%",Italy,PACKAGE,750,30,2018-02-16 00:01:00.000000,2018-02-26 23:59:00.000000,10,9
"Elegant Prague break with optional sightseeing bus tickets, Mamaison Hotel Riverside Prague, Czech Republic - save 27%",Czech Republic,PACKAGE,498,27,2018-02-16 00:01:00.000000,2018-02-26 23:59:00.000000,10,8
"Le Méridien Lav, Split, Split, Croatia - save 43%",Croatia,HOTEL,89,43,2018-02-11 00:01:00.000000,2018-02-26 23:59:00.000000,15,8
"All-inclusive Tobago escape with ocean views, Tropikist Beach Hotel & Resort, Crown Point - save 50%",Trinidad And Tobago,PACKAGE,1598,50,2018-02-09 00:01:00.000000,2018-02-26 23:59:00.000000,17,8
"Terra Mia, Marrakech, Morocco - save 37%",Morocco,HOTEL,56.25,37,2018-02-12 00:01:00.000000,2018-02-26 23:59:00.000000,14,8
"Riad Al Mendili Kasbah, Near Marrakech, Morocco - save 43%",Morocco,HOTEL,106.25,43,2018-02-18 00:01:00.000000,2018-02-26 23:59:00.000000,8,8
"Hotel Cap Negret, Altea, Spain - save 54%",Spain,HOTEL,70.4,54,2018-02-18 00:01:00.000000,2018-02-26 23:59:00.000000,8,8
"5* all-inclusive Mexico holiday with plunge pool & Jacuzzi suite, Beloved Playa Mujeres, Cancun - save 45%",Mexico,PACKAGE,2598,45,2018-01-26 00:01:00.000000,2018-02-26 23:59:00.000000,31,8
"The Spa Retreat Boutique Hotel, Negril, Jamaica - save 36%",Jamaica,HOTEL,128,36,2018-02-18 00:01:00.000000,2018-02-27 04:59:00.000000,9,8
"Marlin Canary Wharf, Canary Wharf, London - save 67%",England,HOTEL,79,67,2018-02-12 00:01:00.000000,2018-02-27 23:59:00.000000,15,8
"Grove of Narberth, Pembrokeshire, Wales - save 53%",Wales/Cymru,HOTEL,149,53,2018-02-18 00:01:00.000000,2018-02-27 23:59:00.000000,9,8
"Hotel La Hacienda del Buen Suceso, Gran Canaria, Canary Islands - save 35%",Spain,HOTEL,98,35,2018-02-19 00:01:00.000000,2018-02-26 23:59:00.000000,7,8
"Holiday Suites Bray-Dunes Etoile de Mer, Opal Coast, France - save 46%",France,HOTEL,199,46,2018-02-19 00:01:00.000000,2018-02-26 23:59:00.000000,7,8
"Hotel Athénée, Toulouse, France - save 38%",France,HOTEL,77,38,2018-02-12 00:01:00.000000,2018-02-26 23:59:00.000000,14,8
"Quinta das Vistas Palace Gardens, Madeira, Portugal - save 39%",Portugal,HOTEL,120,39,2018-02-19 00:01:00.000000,2018-02-26 23:59:00.000000,7,8
"Route Active Hotel, Tenerife, Canary Islands - save 33%",Spain,HOTEL,62.5,33,2018-02-19 00:01:00.000000,2018-02-26 23:59:00.000000,7,8
"Allegria Hotel, Long Beach, New York - save 25%",USA,HOTEL,125,25,2018-02-12 00:01:00.000000,2018-02-27 04:59:00.000000,15,8
"The Chedi Lustica Bay, Tivat, Montenegro - save 64%",Montenegro,HOTEL,193,64,2018-02-19 00:01:00.000000,2018-02-26 23:59:00.000000,7,7
"Jambuluwuk Oceano Resort at Gili Trawangan, Lombok, Indonesia - save 69%",Indonesia,HOTEL,58,69,2018-02-12 00:01:00.000000,2018-02-26 23:59:00.000000,14,7
"Modern Jersey getaway with car hire, Beachcombers Hotel, Channel Islands - save 33%",England,PACKAGE,538,33,2018-02-16 00:01:00.000000,2018-02-26 23:59:00.000000,10,7
"Château de Courcelles, Courcelles-sur-Vesles, near Reims, France - save 39%",France,HOTEL,260,39,2018-02-18 00:01:00.000000,2018-02-26 23:59:00.000000,8,7
"Abu Dhabi escape with desert safari & Ferrari World tickets, Radisson Blu Hotel, Abu Dhabi Yas Island, UAE - save 30%",United Arab Emirates,PACKAGE,1398,30,2018-02-16 00:01:00.000000,2018-02-26 23:59:00.000000,10,7
"French Alps gourmet summer holiday, Chalet Samoëns, Grand Massif - save 19%",France,PACKAGE,1330,19,2018-02-09 00:01:00.000000,2018-02-26 23:59:00.000000,17,7
"Sandton Hôtel & Résidence Domaine Cocagne, Côte d’Azur, France - save 35%",France,HOTEL,129,35,2018-02-19 00:01:00.000000,2018-02-26 23:59:00.000000,7,6
"Elegant Rome, Florence & Venice city-hop, Palladium Palace Hotel, Atlantic Palace Hotel & Hotel Giorgione, Italy - save 38%",Italy,PACKAGE,598,38,2018-02-16 00:01:00.000000,2018-02-26 23:59:00.000000,10,6
"Chic Bruges break with Eurostar or Eurotunnel travel, Hotel Montanus, Belgium - save 31%",Belgium,PACKAGE,278,31,2018-02-16 00:01:00.000000,2018-02-26 23:59:00.000000,10,6
"Memoire Siem Reap Hotel, Siem Reap, Cambodia - save 74%",Cambodia,HOTEL,55,74,2018-02-19 00:01:00.000000,2018-02-26 23:59:00.000000,7,6
"Hotel Le Cavendish, Cannes, France - save 50%",France,HOTEL,123.75,50,2018-02-19 00:01:00.000000,2018-02-26 23:59:00.000000,7,6
"Castello Camemi, Catania, Italy - save 31%",Italy,HOTEL,112,31,2018-02-12 00:01:00.000000,2018-02-26 23:59:00.000000,14,6
"Rocca della Sena, Tropea, Italy - save 44%",Italy,HOTEL,109,44,2018-02-19 00:00:00.000000,2018-02-26 23:59:00.000000,7,6
"Château de Cocove, Nord-Pas-de-Calais, France - save 39%",France,HOTEL,99,39,2018-02-12 00:01:00.000000,2018-02-26 23:59:00.000000,14,6
"Modern Mallorca coastal escape, Hotel Vistamar by Pierre & Vacances, Spain - save 23%",Spain,PACKAGE,498,23,2018-02-16 00:01:00.000000,2018-02-26 23:59:00.000000,10,6
"Vibrant Croatia beachfront spa hotel stay, Radisson Blu Resort Split, Croatia - save 38%",Croatia,PACKAGE,798,38,2018-02-16 00:01:00.000000,2018-02-26 23:59:00.000000,10,6
"Jersey break at a charming & characterful hotel, The Revere Hotel, St Helier - save 40%",England,PACKAGE,398,40,2018-01-30 00:01:00.000000,2018-02-26 23:59:00.000000,27,6
"Lido Palace, Lake Garda, Italy - save 26%",Italy,HOTEL,229,26,2018-02-11 00:01:00.000000,2018-02-26 23:59:00.000000,15,6
"The Plaza New York, Midtown, New York - save 41%",USA,HOTEL,1125,41,2018-02-16 00:01:00.000000,2018-02-27 04:59:00.000000,11,6
"5* Mykonos holiday at a private beach resort, Saint John Mykonos Hotel, Greece - save 46%",Greece,PACKAGE,1198,46,2018-02-16 00:01:00.000000,2018-02-26 23:59:00.000000,10,6
"Fairmont Ajman, Ajman, UAE - save 71%",United Arab Emirates,HOTEL,283.75,71,2018-02-19 00:01:00.000000,2018-02-26 23:59:00.000000,7,6
"FBC Fortuny Resort, Gran Canaria, Spain - save 54%",Spain,HOTEL,87.5,54,2018-02-19 00:01:00.000000,2018-02-26 23:59:00.000000,7,5
"Away Chiang Mai Thapae Resort - A Vegetarian Retreat, Chiang Mai, Thailand - save 48%",Thailand,HOTEL,2400,48,2018-02-19 00:01:00.000000,2018-02-26 23:59:00.000000,7,5
"Picturesque Jersey break with harbour views & car hire, Somerville Hotel, Saint Aubin - save 40%",England,PACKAGE,498,40,2018-02-09 00:01:00.000000,2018-02-26 23:59:00.000000,17,5
"Liscia Country Relais, Sardinia, Italy - save 61%",Italy,HOTEL,85,61,2018-02-19 00:01:00.000000,2018-02-26 23:59:00.000000,7,5
"Relais des Trois Châteaux, Cour-Cherveny, France - save 32%",France,HOTEL,119,32,2018-02-18 00:01:00.000000,2018-02-26 23:59:00.000000,8,5
"5* all-inclusive Cyprus holiday with striking sea views, Coral Bay, Cyprus - save 33%",Cyprus,PACKAGE,598,33,2018-02-16 00:01:00.000000,2018-02-26 23:59:00.000000,10,5
"5* stylish Madeira holiday with sea views, VidaMar Resort Hotel, Portugal - save 36%",Portugal,PACKAGE,1258,36,2018-02-09 00:01:00.000000,2018-02-26 23:59:00.000000,17,5
"Ultra-affordable Andorra ski holiday with a quirky hotel stay, Mu Hotel, Pyrenees - save 34%",Andorra,PACKAGE,798,34,2018-01-11 00:01:00.000000,2018-02-26 23:59:00.000000,46,5
"Boutique Nice break with Monte Carlo night tour, Villa Bougainville, France - save 27%",France,PACKAGE,530,27,2018-02-12 00:01:00.000000,2018-02-22 23:59:00.000000,10,5
"Cheong Fatt Tze - The Blue Mansion, Penang, Malaysia - save 50%",Malaysia,HOTEL,358,50,2018-02-19 00:01:00.000000,2018-02-26 23:59:00.000000,7,5
"5* modern Algarve holiday at a sleek spa resort, Macdonald Monchique Resort & Spa, Portugal - save 34%",Portugal,PACKAGE,578,34,2018-02-16 00:01:00.000000,2018-02-26 23:59:00.000000,10,5
"Lake Maggiore break with stunning views, Villa Carlotta, Italy - save 23%",Italy,PACKAGE,450,23,2018-02-09 00:01:00.000000,2018-02-26 23:59:00.000000,17,5
"All-inclusive beachside Mexico break with generous perks, Hard Rock Hotel Riviera Maya, Mexico - save 50%",Mexico,PACKAGE,2698,50,2018-02-16 00:01:00.000000,2018-02-26 23:59:00.000000,10,5
"Cugó Gran Macina Grand Harbour, Senglea, Malta - save 33%",Malta,HOTEL,206.25,33,2018-02-19 00:01:00.000000,2018-02-26 23:59:00.000000,7,5
"Romantic Tuscany castle break with car hire, Castello di Leonina Relais, Italy - save 36%",Italy,PACKAGE,598,36,2018-02-16 00:01:00.000000,2018-02-26 23:59:00.000000,10,4
"Boutique Paris break with Eurostar travel, Hotel Sacha, France - save 31%",France,PACKAGE,378,31,2018-02-16 00:01:00.000000,2018-02-26 23:59:00.000000,10,4
"Nita by Vo Urban Resort, Siem Reap, Cambodia - save 62%",Cambodia,HOTEL,85,62,2018-02-05 00:01:00.000000,2018-02-26 23:59:00.000000,21,4
"Hotel Village, Aosta Valley, Italy - save 54%",Italy,HOTEL,79,54,2018-02-19 00:01:00.000000,2018-02-26 23:59:00.000000,7,4
"Luxurious Rome break with a sightseeing pass, Hotel Dei Mellini, Italy - save 40%",Italy,PACKAGE,550,40,2018-02-19 00:01:00.000000,2018-03-05 23:59:00.000000,14,4
"Casa Chameleon Las Catalinas, Las Catalinas, Costa Rica - save 25%",Costa Rica,HOTEL,370,25,2018-02-18 00:01:00.000000,2018-02-27 04:59:00.000000,9,4
"Stylish Greek villa holiday with private pool, Eagles Villas, Halkidiki - save 57%",Greece,PACKAGE,1398,57,2018-02-16 00:01:00.000000,2018-02-26 23:59:00.000000,10,4
"South Africa safari holiday with game drives & excursions, Manyatta Rock Camp, Kwa Madwala - save 38%",South Africa,PACKAGE,2998,38,2018-02-09 00:01:00.000000,2018-02-26 23:59:00.000000,17,4
"GPRO Valparaiso Palace Hotel & Spa, Mallorca, Spain - save 61%",Spain,HOTEL,181,61,2018-02-19 00:01:00.000000,2018-02-26 23:59:00.000000,7,4
"All-inclusive Jamaica holiday on a private adults-only peninsula, Montego Bay, Jamaica - save 50%",Jamaica,PACKAGE,2998,50,2018-02-16 00:01:00.000000,2018-02-26 23:59:00.000000,10,4
"Hotel Abalú, Madrid, Spain - save 28%",Spain,HOTEL,118.29,28,2018-02-19 00:01:00.000000,2018-02-26 23:59:00.000000,7,4
"U Palazzu Serenu, Corsica, France - save 27%",France,HOTEL,144,27,2018-02-17 00:01:00.000000,2018-02-26 23:59:00.000000,9,4
"All-inclusive Barbados beach holiday with turtle swimming, Almond Beach Resort Barbados, Caribbean - save 52%",Barbados,PACKAGE,2198,52,2018-02-20 00:01:00.000000,2018-03-05 23:59:00.000000,13,4
"The Macdonald Dona Lola Club, Malaga, Spain - save 37%",Spain,HOTEL,71,37,2018-02-19 00:01:00.000000,2018-02-26 23:59:00.000000,7,4
"Paris break with French Open tennis tickets, Hotel Mercure Paris 19 Philharmonie La Villette, France - save 25%",France,PACKAGE,638,25,2018-02-22 00:01:00.000000,2018-03-08 23:59:00.000000,14,4
"The Henderson, a Salamander Beach & Spa Resort, Destin, Florida - save 37%",USA,HOTEL,201,37,2018-02-18 00:01:00.000000,2018-02-27 04:59:00.000000,9,4
"Nikki Beach Koh Samui, Koh Samui, Thailand - save 43%",Thailand,HOTEL,4875,43,2018-02-11 00:01:00.000000,2018-02-26 23:59:00.000000,15,4
"Hotel Es Lloquet, Mallorca, Balearic Islands - save 34%",Spain,HOTEL,117,34,2018-02-19 00:01:00.000000,2018-02-26 23:59:00.000000,7,4
"Awe-inspiring Cambodia & Vietnam holiday with Halong Bay cruise, Siem Reap, Phu Loc, Hanoi & Halong Bay - save 32%",Vietnam,PACKAGE,3398,32,2018-02-05 00:01:00.000000,2018-02-26 23:59:00.000000,21,3
"Laguna Holiday Club Phuket Resort, Phuket, Thailand - save 70%",Thailand,HOTEL,2500,70,2018-02-09 00:01:00.000000,2018-02-26 23:59:00.000000,17,3
"Santhiya Tree Koh Chang Resort, Koh Chang, Thailand - save 36%",Thailand,HOTEL,3350,36,2018-02-19 00:01:00.000000,2018-02-26 23:59:00.000000,7,3
"Unforgettable Costa Rica tour with beach, San José, Arenal, Monteverde & Playa Carrillo - save 30%",Costa Rica,PACKAGE,2998,30,2018-02-19 00:01:00.000000,2018-03-12 23:59:00.000000,21,3
"Enticing Vietnam & Cambodia holiday with Halong Bay cruise, Hanoi, Halong Bay, Siem Reap & Hoi An - save 27%",Vietnam,PACKAGE,3198,27,2018-02-12 00:01:00.000000,2018-03-05 23:59:00.000000,21,3
"The Anam Resort, Nha Trang, Vietnam - save 50%",Vietnam,HOTEL,199,50,2018-02-11 00:01:00.000000,2018-02-26 23:59:00.000000,15,3
"Aqua Suites, Lanzarote, Spain - save 33%",Spain,HOTEL,182.93,33,2018-02-12 00:01:00.000000,2018-02-26 23:59:00.000000,14,3
"Quality Suites Lyon 7 Lodge, Lyon, France - save 27%",France,HOTEL,74,27,2018-02-19 00:01:00.000000,2018-02-26 23:59:00.000000,7,3
"Amara Sanctuary Resort Sentosa, Sentosa Island, Singapore - save 38%",Singapore,HOTEL,225,38,2018-02-19 00:01:00.000000,2018-02-26 23:59:00.000000,7,3
"The Morton Hotel, Bloomsbury, London - save 28%",England,HOTEL,169,28,2018-02-19 00:01:00.000000,2018-02-27 23:59:00.000000,8,3
"Fileas Art Hotel, Chania, Crete - save 33%",Greece,HOTEL,68.75,33,2018-02-19 00:01:00.000000,2018-02-26 23:59:00.000000,7,3
"Relaxing Corsica holiday near the beach, Hotel U Ricordu, France - save 21%",France,PACKAGE,930,21,2018-02-16 00:01:00.000000,2018-02-26 23:59:00.000000,10,2
"Riad dar Alhambra, Marrakech, Morocco - save 44%",Morocco,HOTEL,56.25,44,2018-02-19 00:01:00.000000,2018-02-26 23:59:00.000000,7,2
"Belmond British Pullman train trip & London stay, A chic Mayfair pad & iconic railway experience with steam train option - save 33%",England,PACKAGE,798,33,2018-02-16 00:01:00.000000,2018-02-26 23:59:00.000000,10,2
"Fantastic summer journey around Iceland, Eight-day tour from Reykjavik circling Iceland's highlights - save 29%",Iceland,PACKAGE,3198,29,2018-02-19 00:01:00.000000,2018-02-26 23:59:00.000000,7,2
"Hotel Oleana, Bergen, Norway - save 33%",Norway,HOTEL,1136,33,2018-02-11 00:01:00.000000,2018-02-26 23:59:00.000000,15,2
"Atrium Palace Thalasso Spa Resort & Villas, Rhodes, Greek Islands - save 44%",Greece,HOTEL,144.95,44,2018-02-18 00:01:00.000000,2018-02-26 23:59:00.000000,8,2
"Bucket-list Egyptian escape with Cairo & Luxor stays, Le Méridien Pyramids Hotel & Spa & Sofitel Winter Palace - save 30%",Egypt,PACKAGE,2158,30,2018-02-16 00:01:00.000000,2018-02-26 23:59:00.000000,10,2
"Relaxing Jersey break with car hire, Merton Hotel, Channel Islands - save 38%",England,PACKAGE,398,38,2018-02-16 00:01:00.000000,2018-02-26 23:59:00.000000,10,2
"Modern Barcelona city break, Renaissance Barcelona Fira Hotel, Spain - save 37%",Spain,PACKAGE,458,37,2018-02-16 00:01:00.000000,2018-02-26 23:59:00.000000,10,2
"Sirru Fen Fushi, Shaviyani Atoll, Maldives - save 55%",Maldives,HOTEL,740,55,2018-02-17 00:01:00.000000,2018-02-26 23:59:00.000000,9,2
"Sublime Sri Lanka city, nature & beach tour, Negombo, Sigiriya Rock, Kandy, Nuwara Eliya & Beruwala - save 28%",Sri Lanka,PACKAGE,3378,28,2018-02-19 00:01:00.000000,2018-03-01 23:59:00.000000,10,2
"Epic South Africa trip with safaris & Victoria Falls tour, Victoria Falls, Johannesburg, Kruger & optional Cape Town - save 27%",South Africa,PACKAGE,3498,27,2018-02-16 00:01:00.000000,2018-02-26 23:59:00.000000,10,2
"Alpe d'Huez French Alps ski holiday at a hip hideaway, Oz, France - save 45%",France,PACKAGE,1078,45,2018-02-16 00:01:00.000000,2018-02-26 23:59:00.000000,10,2
"VIK Suite Hotel Risco del Gato, Fuerteventura, Spain - save 45%",Spain,HOTEL,195,45,2018-02-04 00:01:00.000000,2018-02-26 23:59:00.000000,22,2
"Aragona Palace Hotel & Spa, Ischia, Italy - save 36%",Italy,HOTEL,63.36,36,2018-02-19 00:01:00.000000,2018-02-26 23:59:00.000000,7,2
"Ilio Mare Thassos Resort Hotel, Thassos, Greece - save 48%",Greece,HOTEL,100,48,2018-02-18 00:01:00.000000,2018-02-26 23:59:00.000000,8,2
"Coconut Boutique Resort, Lombok, Indonesia - save 49%",Indonesia,HOTEL,65,49,2018-02-19 00:01:00.000000,2018-02-26 23:59:00.000000,7,2
"Unforgettable day trip to the F1 Monaco Grand Prix 2018, Monaco, France - save 33%",Monaco,PACKAGE,1198,33,2018-02-22 00:01:00.000000,2018-03-08 23:59:00.000000,14,2
"Hotel Les Chalets du Prariand, Megève, French Alps - save 30%",France,HOTEL,116,30,2018-02-19 00:01:00.000000,2018-02-26 23:59:00.000000,7,2
"5* exceptional Maldives holiday with a beach bungalow, Kanuhura, Lhaviyani Atoll - save 45%",Maldives,PACKAGE,4578,45,2018-02-16 00:01:00.000000,2018-02-26 23:59:00.000000,10,2
"The Embassy Row Hotel, Washington, D.C., USA - save 36%",USA,HOTEL,89,36,2018-02-12 00:01:00.000000,2018-02-27 04:59:00.000000,15,2
"Charming Italy city-hop with optional Swiss Alps stay, Turin & Milan, plus optional Genoa or Interlaken - save 38%",Italy,PACKAGE,798,38,2018-02-16 00:01:00.000000,2018-02-26 23:59:00.000000,10,2
"Beachfront Portugal break, Porto Santo Hotel & Spa, Porto Santo Island - save 36%",Portugal,PACKAGE,1358,36,2018-02-16 00:01:00.000000,2018-02-26 23:59:00.000000,10,2
"All-inclusive Turkey holiday to a luxury beach resort, Selectum Luxury Resort, Belek - save 43%",Turkey,PACKAGE,998,43,2018-02-14 00:01:00.000000,2018-02-26 23:59:00.000000,12,2
"All-inclusive Antigua holiday at an award-winning bolthole, Villas at Sunset Lane, Caribbean - save 45%",Antigua And Barbuda,PACKAGE,2398,45,2018-02-16 00:01:00.000000,2018-02-26 23:59:00.000000,10,2
"Awe-inspiring Brazil tour with Iguazú Falls visit & Amazon stay, Rio, Iguazú Falls, Manaus, the Amazon & São Paulo - save 40%",Brazil,PACKAGE,3798,40,2018-02-09 00:01:00.000000,2018-02-26 23:59:00.000000,17,1
"Cardinal Hotel St. Peter, Rome, Italy - save 63%",Italy,HOTEL,85,63,2018-02-22 00:01:00.000000,2018-03-05 23:59:00.000000,11,1
"Iulius Suite & Spa, Puglia, Italy - save 61%",Italy,HOTEL,99,61,2018-02-05 00:01:00.000000,2018-02-26 23:59:00.000000,21,1
"Château de Verrières, Saumur, Loire Valley, France - save 31%",France,HOTEL,221,31,2018-02-11 00:01:00.000000,2018-02-26 23:59:00.000000,15,1
"Blissful Thailand city & beach escape with super-luxe hotels, Shangri-La stays in Bangkok & Chiang Mai, plus Koh Samui - save 26%",Thailand,PACKAGE,3598,26,2018-02-19 00:01:00.000000,2018-03-12 23:59:00.000000,21,1
"The Historic Powhatan Resort, Williamsburg, Virginia - save 39%",USA,HOTEL,55,39,2018-02-19 00:01:00.000000,2018-02-27 04:59:00.000000,8,1
"Caribbean beachfront escape, Oualie Beach Resort, Saint Kitts & Nevis - save 50%",Saint Kitts And Nevis,PACKAGE,2798,50,2018-02-09 00:01:00.000000,2018-02-26 23:59:00.000000,17,1
"NFL American football game at Club Wembley, Crowne Plaza Hotel London Ealing, West London - save 21%",England,PACKAGE,598,21,2018-02-22 00:01:00.000000,2018-03-08 23:59:00.000000,14,1
"Unforgettable Cambodia & Vietnam holiday with Halong Bay cruise, Siem Reap, Hanoi, Halong Bay, Hoi An & Ho Chi Minh City - save 29%",Vietnam,PACKAGE,2578,29,2018-02-19 00:01:00.000000,2018-03-05 23:59:00.000000,14,1
"F1 French Grand Prix 2018 with Marseille hotel stay, Kyriad Marseille Palais Des Congrès – Vélodrome, France - save 20%",France,PACKAGE,798,20,2018-02-22 00:01:00.000000,2018-03-08 23:59:00.000000,14,1
"Sensational Singapore city break & Thailand beach-hop, Singapore, Khao Lak & Phuket - save 31%",Thailand,PACKAGE,2698,31,2018-02-19 00:01:00.000000,2018-03-12 23:59:00.000000,21,1
"CIRC Hotel, Hollywood, Florida - save 41%",USA,HOTEL,127,41,2018-02-19 00:01:00.000000,2018-02-27 04:59:00.000000,8,1
"All-inclusive Rhodes holiday, All Senses Nautica Blue Rhodes, Greece - save 26%",Greece,PACKAGE,858,26,2018-02-16 12:20:00.000000,2018-02-26 12:20:00.000000,10,1
"Grand Hyatt Doha Hotel & Villas, Doha, Qatar - save 50%",Qatar,HOTEL,196,50,2018-02-19 00:01:00.000000,2018-02-26 23:59:00.000000,7,1
"Negroponte Resort Eretria, Evia, Greece - save 45%",Greece,HOTEL,97.5,45,2018-02-19 00:01:00.000000,2018-02-26 23:59:00.000000,7,1
"The Inn at Union Square, San Francisco, USA - save 25%",USA,HOTEL,199,25,2018-02-21 00:01:00.000000,2018-03-06 04:59:00.000000,13,1
"Sensational British Grand Prix break, A choice of hotels in Great Malvern, Worcestershire - save 24%",England,PACKAGE,798,24,2018-02-22 00:01:00.000000,2018-03-08 23:59:00.000000,14,1
"5* Costa Dorada summer holiday at a beachside resort, Le Méridien Ra Beach Hotel & Spa, Spain - save 14%",Spain,PACKAGE,1238,14,2018-02-19 00:01:00.000000,2018-02-26 23:59:00.000000,7,1
"5* Corfu holiday at a romantic hilltop resort, Corfu Holiday Palace Resort & Spa, Greece - save 36%",Greece,PACKAGE,738,36,2018-02-16 00:01:00.000000,2018-02-26 23:59:00.000000,10,1
"Incredible Thailand city-to-beach holiday, Bangkok, Chiang Mai & Phuket - save 30%",Thailand,PACKAGE,2678,30,2018-02-12 00:01:00.000000,2018-03-05 23:59:00.000000,21,1
"Villa del Sol Zihuatanejo, a Destination Hotel, Zihuatanejo, Mexico - save 47%",Mexico,HOTEL,249,47,2018-02-19 00:01:00.000000,2018-02-27 23:59:00.000000,8,1
"Malaysia & Sri Lanka tour with optional beach break, Kuala Lumpur, Cameron Highlands, Nuwara Eliya & more - save 24%",Sri Lanka,PACKAGE,4998,24,2018-02-05 00:01:00.000000,2018-02-26 23:59:00.000000,21,1
"5* Thailand city-to-coast holiday, Bangkok & Krabi - save 27%",Thailand,PACKAGE,3798,27,2018-02-05 00:01:00.000000,2018-02-26 23:00:00.000000,21,1
"Vintage luxury train to the Grand National with a London hotel stay, Northern Belle train travel & Ambassadors Bloomsbury stay - save 14%",England,PACKAGE,1098,14,2018-02-22 00:01:00.000000,2018-03-08 23:59:00.000000,14,1
"Costa Brava beach base with Spanish Grand Prix tickets, Hotel Marsol, Lloret de Mar - save 18%",Spain,PACKAGE,398,18,2018-02-22 00:01:00.000000,2018-03-08 23:59:00.000000,14,1
"Salgados Palace, Algarve, Portugal - save 49%",Portugal,HOTEL,112.5,49,2018-02-19 00:01:00.000000,2018-02-26 23:59:00.000000,7,1
"Monte Carlo break with a choice of Masters tennis matches, Hotel Prince de Galles, Côte d'Azur - save 14%",France,PACKAGE,0,14,2018-02-22 00:01:00.000000,2018-03-08 23:59:00.000000,14,1
"Rome break with Six Nations Italy vs Wales rugby tickets, Crowne Plaza Rome - St. Peter's, Italy - save 22%",Italy,PACKAGE,1398,22,2018-02-22 00:01:00.000000,2018-03-08 23:59:00.000000,14,1
"Luxurious Turkey holiday by the sea, Mini Saray Hotel, Antalya - save 42%",Turkey,PACKAGE,798,42,2018-02-16 00:01:00.000000,2018-02-26 23:59:00.000000,10,1
"SIXTY SoHo, Soho, New York - save 47%",USA,HOTEL,256,47,2018-01-29 00:01:00.000000,2018-02-27 04:59:00.000000,29,1
"Avani Quy Nhon Resort and Spa, Quy Nhon, Vietnam - save 48%",Vietnam,HOTEL,95,48,2018-02-19 00:01:00.000000,2018-02-26 23:59:00.000000,7,1
"The Apsara Rive Droite, Luang Prabang, Laos - save 57%",Laos,HOTEL,100,57,2018-02-12 00:01:00.000000,2018-02-26 23:59:00.000000,14,1
"Unforgettable Indonesia holiday with stunning island tours, Ubud, Gili Islands, Lombok & Sanur - save 28%",Indonesia,PACKAGE,3178,28,2018-02-19 00:01:00.000000,2018-03-12 23:59:00.000000,21,1
"Breathtaking Thailand island-hopping holiday, Koh Samui, Koh Phangan & Koh Tao - save 23%",Thailand,PACKAGE,3298,23,2018-02-12 00:01:00.000000,2018-03-05 23:59:00.000000,21,1
"Fascinating Jordan tour with iconic excursions, Amman, Petra, Dead Sea & Wadi Rum - save 35%",Jordan,PACKAGE,1998,35,2018-02-02 00:01:00.000000,2018-02-26 23:59:00.000000,24,1
"Sugar Ridge, Antigua, Caribbean - save 26%",Antigua And Barbuda,HOTEL,195,26,2018-02-18 00:01:00.000000,2018-02-27 04:59:00.000000,9,1
"Sensational Japan tour with Mount Fuji visit & excursions, Tokyo, Kanazawa, Kyoto, Osaka & Nagoya - save 0%",Japan,PACKAGE,4138,0,2018-02-19 00:01:00.000000,2018-03-05 23:59:00.000000,14,1
"Aloft Abu Dhabi, Abu Dhabi, UAE - save 60%",United Arab Emirates,HOTEL,400,60,2018-02-12 00:01:00.000000,2018-02-26 23:59:00.000000,14,1
"The Oberoi Rajvilas Jaipur, Jaipur, India - save 27%",India,HOTEL,537.5,27,2018-02-18 00:01:00.000000,2018-02-26 23:59:00.000000,8,1
"Le Domaine de Dony, Balbins, France - save 30%",France,HOTEL,109,30,2018-02-19 00:01:00.000000,2018-02-26 23:59:00.000000,7,1
"5* Singapore & Penang holiday, Shangri-La hotels in Singapore & Peninsular Malaysia - save 36%",Singapore,PACKAGE,3338,36,2018-02-05 00:01:00.000000,2018-02-26 23:59:00.000000,21,1
"A charming Tuscany stay with Andrea Bocelli concert tickets, Calamidoro Hotel, Italy - save 20%",Italy,PACKAGE,1590,20,2018-02-16 00:01:00.000000,2018-02-26 23:59:00.000000,10,1
"Luxury Iceland suite stay with whale-watching & optional tours, Reykjavik Marina Residence, Reykjavik - save 45%",Iceland,PACKAGE,1198,45,2018-02-12 00:01:00.000000,2018-02-26 23:59:00.000000,14,1
"Luxury Egypt Nile cruise with excursions, Dahabiya Merit, Egypt - save 38%",Egypt,PACKAGE,2798,38,2018-02-09 00:01:00.000000,2018-02-26 23:59:00.000000,17,1
"Palazzo Ducale Venturi, Lecce, Italy - save 48%",Italy,HOTEL,183,48,2018-02-17 00:01:00.000000,2018-02-26 23:59:00.000000,9,1
"Newstead Belmont Hills Golf Resort & Spa, Bermuda, Caribbean - save 60%",Bermuda,HOTEL,229,60,2018-02-12 00:01:00.000000,2018-02-27 04:59:00.000000,15,1
"5* Borneo & Dubai escape with orangutan experience, Malaysia & UAE - save 28%",Malaysia,PACKAGE,3298,28,2018-02-12 00:01:00.000000,2018-03-05 23:59:00.000000,21,1
"5* getaway to beautiful Aix-en-Provence, Renaissance Aix-en-Provence Hotel, France - save 24%",France,PACKAGE,658,24,2018-02-16 00:01:00.000000,2018-02-26 23:59:00.000000,10,1
"Benvengudo, Provence, France - save 27%",France,HOTEL,150.48,27,2018-02-19 00:01:00.000000,2018-02-26 23:59:00.000000,7,1
"Nile cruise with iconic sightseeing & all-inclusive beach stay, MS Jaz Jubilee & LABRANDA Gemma Premium Resort, Egypt - save 41%",Egypt,PACKAGE,1698,41,2018-02-16 00:01:00.000000,2018-02-26 23:59:00.000000,10,1
"Casa de Campo Resort & Villas, Dominican Republic, Caribbean - save 67%",Dominican Republic,HOTEL,199,67,2018-02-09 00:01:00.000000,2018-02-27 04:59:00.000000,18,1
"5* Southern Italy holiday, Hotel Marinagri Hotel, Policoro - save 42%",Italy,PACKAGE,1358,42,2018-02-16 00:01:00.000000,2018-02-26 23:59:00.000000,10,1
"Luxury Singapore & Bali holiday with excursions, Singapore, Ubud & Nusa Dua - save 24%",Singapore,PACKAGE,3798,24,2018-02-05 00:01:00.000000,2018-02-26 23:59:00.000000,21,1
"Electrifying MotoGP™ Barcelona stay with race tickets, Senator Barcelona Spa Hotel, Spain - save 18%",Spain,PACKAGE,598,18,2018-02-22 00:01:00.000000,2018-03-08 23:59:00.000000,14,1
"Hotel Saccardi & Spa, Sommacampagna, near Verona, Italy - save 45%",Italy,HOTEL,65,45,2018-02-22 00:01:00.000000,2018-03-05 23:59:00.000000,11,1
"Serene Sardinia sojourn near the beach, Lantana Resort, Italy - save 32%",Italy,PACKAGE,1636,32,2018-02-16 00:01:00.000000,2018-02-26 23:59:00.000000,10,1
"Hôtel de l'Image, Saint-Rémy-de-Provence, France - save 56%",France,HOTEL,132,56,2018-02-11 00:01:00.000000,2018-02-26 23:59:00.000000,15,1
"Vichy Thermalia Spa Hotel, Near Montpellier, France - save 30%",France,HOTEL,125,30,2018-02-16 00:01:00.000000,2018-02-26 23:59:00.000000,10,1
"Thrilling Abu Dhabi F1 Grand Prix break, Cristal Hotel Abu Dhabi, UAE - save 29%",United Arab Emirates,PACKAGE,2198,29,2018-02-22 00:01:00.000000,2018-03-08 23:59:00.000000,14,1
"Barcelona city break with tickets to FC Barcelona vs. Athletic Bilbao league match, Expo Hotel Barcelona & football tickets, Spain - save 18%",Spain,PACKAGE,398,18,2018-02-22 00:01:00.000000,2018-03-08 23:59:00.000000,14,1
"Thrilling Moscow & St Petersburg tour with iconic excursions, Vega Hotel & Convention Center & The Brothers Karamazov Hotel, Russia - save 36%",Russia,PACKAGE,1138,36,2018-02-16 00:00:00.000000,2018-02-26 23:59:00.000000,10,1
"Exhilarating Belgian Grand Prix break, Bronze F1 tickets & a central Brussels stay - save 41%",Belgium,PACKAGE,998,41,2018-02-22 00:01:00.000000,2018-03-08 23:59:00.000000,14,1
"Rome break with Six Nations Italy vs Scotland rugby tickets, Hotel Londra & Cargill, Italy - save 25%",Italy,PACKAGE,298,25,2018-02-22 00:01:00.000000,2018-03-08 23:59:00.000000,14,1
"Hôtel Atalante Relais Thalasso & Spa, Île de Ré, France - save 39%",France,HOTEL,149,39,2018-02-16 00:01:00.000000,2018-02-26 08:59:00.000000,10,1
